Epochs,MSAS
1,0.29644686130616127
100,0.3893669816799536
1000,0.5397814265350299
200,0.4617760413916901
2500,0.5315717227179134
300,0.4882793939073966
400,0.389446174964363
500,0.47592524153951743
5000,0.5539306266828573
